item_name,metric,window_days,first_window_mean,last_window_mean,change_pct
Blood rune,midpoint_price,7,203.85714285714286,342.42857142857144,67.97477224947444
Blood rune,total_volume,7,75528031.28571428,50592893.428571425,-33.01441522130499
Blood rune,midpoint_price,28,213.80357142857142,361.42857142857144,69.04702246721793
Blood rune,total_volume,28,73802550.39285715,53675035.428571425,-27.27211303287661
Dragon bones,midpoint_price,7,2048.0714285714284,3213.3571428571427,56.89673211732291
Dragon bones,total_volume,7,4694955.142857143,2226470.285714286,-52.577389602931234
Dragon bones,midpoint_price,28,2137.8214285714284,3231.4464285714284,51.15605005095307
Dragon bones,total_volume,28,4297868.857142857,2406896.25,-43.99791315177403
Pie shell,midpoint_price,7,404.7857142857143,257.35714285714283,-36.42138697723664
Pie shell,total_volume,7,127338.71428571429,92478.85714285714,-27.375694295641207
Pie shell,midpoint_price,28,371.5357142857143,269.57142857142856,-27.444006536575994
Pie shell,total_volume,28,101677.64285714286,91331.46428571429,-10.175470517117468
Ruby necklace,midpoint_price,7,1187.7142857142858,1115.4285714285713,-6.086119797931211
Ruby necklace,total_volume,7,996176.4285714285,1083471.857142857,8.763049000929989
Ruby necklace,midpoint_price,28,1165.6785714285713,1100.125,-5.623640430160226
Ruby necklace,total_volume,28,806829.8214285715,1180839.642857143,46.355478131230996
Shark,midpoint_price,7,770.0,1001.3571428571429,30.04638218923934
Shark,total_volume,7,6289643.857142857,2784632.8571428573,-55.726700582887865
Shark,midpoint_price,28,772.8214285714286,1013.3392857142857,31.122048153796378
Shark,total_volume,28,5631570.0,3204600.5714285714,-43.09578729504256
Swordfish,midpoint_price,7,165.5,197.92857142857142,19.594302977988765
Swordfish,total_volume,7,1613359.7142857143,605310.2857142857,-62.4813809124845
Swordfish,midpoint_price,28,170.32142857142858,198.42857142857142,16.50241140700355
Swordfish,total_volume,28,1557943.9285714286,639003.0714285715,-58.9842060609645
Yew logs,midpoint_price,7,240.42857142857142,110.5,-54.04040404040404
Yew logs,total_volume,7,7473636.285714285,3973650.0,-46.83110271775526
Yew logs,midpoint_price,28,239.14285714285714,111.69642857142857,-53.293010752688176
Yew logs,total_volume,28,7210788.357142857,4406715.25,-38.88719191661201
Zulrah's scales,midpoint_price,7,165.64285714285714,159.21428571428572,-3.8809831824062058
Zulrah's scales,total_volume,7,67896965.0,34262508.14285714,-49.537496789647165
Zulrah's scales,midpoint_price,28,191.375,162.73214285714286,-14.966875058318552
Zulrah's scales,total_volume,28,61605134.71428572,37117220.928571425,-39.74979342109246
