item_name,month,mean_midpoint_price,mean_daily_volume,observed_days,calendar_days,macro_bans,macro_reported,rwt_bans,wealth_removed_gp,wealth_reported,macro_f2p,macro_members,rwt_f2p,rwt_members,source_url,period_basis,wealth_source_label,verification_status
Blood rune,2026-02,232.125,59944425.71428572,28,28,1410000,1.41M,9748,2430000000000,2.43T,,,,,https://web.archive.org/web/20260304165243/https://support.runescape.com/hc/en-gb/articles/34686319959441-Player-Support-Anti-Cheating-Statistics,monthly,GP Removed,verified_archived_jagex
Blood rune,2026-03,256.5967741935484,56292136.741935484,31,31,2250000,2.25M,16831,3670000000000,3.67T,,,,,https://web.archive.org/web/20260410185304/https://support.runescape.com/hc/en-gb/articles/34686319959441-Player-Support-Anti-Cheating-Statistics,monthly,GP Removed,verified_archived_jagex
Blood rune,2026-04,285.5,41807392.666666664,30,30,1190000,1.19M,44069,8790000000000,8.79T,1160000.0,23427.0,7161.0,36908.0,https://web.archive.org/web/20260509025717/https://support.runescape.com/hc/en-gb/articles/34686319959441-Player-Support-Anti-Cheating-Statistics,monthly,Gold Removed,verified_archived_jagex
Blood rune,2026-05,292.7741935483871,36721054.70967742,31,31,712870,"712,870",22888,4760000000000,4.76T,691426.0,21444.0,5242.0,17646.0,https://web.archive.org/web/20260608011747/https://support.runescape.com/hc/en-gb/articles/46608582202001-Anti-Cheating-Statistics,monthly,Wealth Removed,verified_archived_jagex
Blood rune,2026-06,307.1666666666667,46454313.1,30,30,270701,"270,701",16789,3370000000000,3.37T,247563.0,23138.0,4599.0,12190.0,https://web.archive.org/web/20260715140434/https://support.runescape.com/hc/en-gb/articles/46608582202001-Anti-Cheating-Statistics,monthly,Wealth Removed,verified_archived_jagex
Blood rune,2026-07,329.56451612903226,55030615.29032258,31,31,159791,"159,791",18302,4680000000000,4.68T,140011.0,19780.0,5666.0,12636.0,https://web.archive.org/web/20260813140026/https://support.runescape.com/hc/en-gb/articles/46608582202001-Anti-Cheating-Statistics,monthly,Wealth Removed,verified_archived_jagex
Dragon bones,2026-02,2095.25,3962119.0714285714,28,28,1410000,1.41M,9748,2430000000000,2.43T,,,,,https://web.archive.org/web/20260304165243/https://support.runescape.com/hc/en-gb/articles/34686319959441-Player-Support-Anti-Cheating-Statistics,monthly,GP Removed,verified_archived_jagex
Dragon bones,2026-03,2210.5967741935483,3137558.0967741935,31,31,2250000,2.25M,16831,3670000000000,3.67T,,,,,https://web.archive.org/web/20260410185304/https://support.runescape.com/hc/en-gb/articles/34686319959441-Player-Support-Anti-Cheating-Statistics,monthly,GP Removed,verified_archived_jagex
Dragon bones,2026-04,2459.9333333333334,2270248.433333333,30,30,1190000,1.19M,44069,8790000000000,8.79T,1160000.0,23427.0,7161.0,36908.0,https://web.archive.org/web/20260509025717/https://support.runescape.com/hc/en-gb/articles/34686319959441-Player-Support-Anti-Cheating-Statistics,monthly,Gold Removed,verified_archived_jagex
Dragon bones,2026-05,2842.048387096774,2022953.4193548388,31,31,712870,"712,870",22888,4760000000000,4.76T,691426.0,21444.0,5242.0,17646.0,https://web.archive.org/web/20260608011747/https://support.runescape.com/hc/en-gb/articles/46608582202001-Anti-Cheating-Statistics,monthly,Wealth Removed,verified_archived_jagex
Dragon bones,2026-06,2952.0333333333333,2149003.7666666666,30,30,270701,"270,701",16789,3370000000000,3.37T,247563.0,23138.0,4599.0,12190.0,https://web.archive.org/web/20260715140434/https://support.runescape.com/hc/en-gb/articles/46608582202001-Anti-Cheating-Statistics,monthly,Wealth Removed,verified_archived_jagex
Dragon bones,2026-07,3163.1612903225805,2454572.7741935486,31,31,159791,"159,791",18302,4680000000000,4.68T,140011.0,19780.0,5666.0,12636.0,https://web.archive.org/web/20260813140026/https://support.runescape.com/hc/en-gb/articles/46608582202001-Anti-Cheating-Statistics,monthly,Wealth Removed,verified_archived_jagex
Pie shell,2026-02,331.07142857142856,134203.39285714287,28,28,1410000,1.41M,9748,2430000000000,2.43T,,,,,https://web.archive.org/web/20260304165243/https://support.runescape.com/hc/en-gb/articles/34686319959441-Player-Support-Anti-Cheating-Statistics,monthly,GP Removed,verified_archived_jagex
Pie shell,2026-03,282.2741935483871,140618.8064516129,31,31,2250000,2.25M,16831,3670000000000,3.67T,,,,,https://web.archive.org/web/20260410185304/https://support.runescape.com/hc/en-gb/articles/34686319959441-Player-Support-Anti-Cheating-Statistics,monthly,GP Removed,verified_archived_jagex
Pie shell,2026-04,207.68333333333334,95119.7,30,30,1190000,1.19M,44069,8790000000000,8.79T,1160000.0,23427.0,7161.0,36908.0,https://web.archive.org/web/20260509025717/https://support.runescape.com/hc/en-gb/articles/34686319959441-Player-Support-Anti-Cheating-Statistics,monthly,Gold Removed,verified_archived_jagex
Pie shell,2026-05,251.41935483870967,81155.0,31,31,712870,"712,870",22888,4760000000000,4.76T,691426.0,21444.0,5242.0,17646.0,https://web.archive.org/web/20260608011747/https://support.runescape.com/hc/en-gb/articles/46608582202001-Anti-Cheating-Statistics,monthly,Wealth Removed,verified_archived_jagex
Pie shell,2026-06,255.36666666666667,73413.73333333334,30,30,270701,"270,701",16789,3370000000000,3.37T,247563.0,23138.0,4599.0,12190.0,https://web.archive.org/web/20260715140434/https://support.runescape.com/hc/en-gb/articles/46608582202001-Anti-Cheating-Statistics,monthly,Wealth Removed,verified_archived_jagex
Pie shell,2026-07,275.69354838709677,81216.35483870968,31,31,159791,"159,791",18302,4680000000000,4.68T,140011.0,19780.0,5666.0,12636.0,https://web.archive.org/web/20260813140026/https://support.runescape.com/hc/en-gb/articles/46608582202001-Anti-Cheating-Statistics,monthly,Wealth Removed,verified_archived_jagex
Ruby necklace,2026-02,1178.6785714285713,778516.2142857143,28,28,1410000,1.41M,9748,2430000000000,2.43T,,,,,https://web.archive.org/web/20260304165243/https://support.runescape.com/hc/en-gb/articles/34686319959441-Player-Support-Anti-Cheating-Statistics,monthly,GP Removed,verified_archived_jagex
Ruby necklace,2026-03,1163.4032258064517,990316.5806451613,31,31,2250000,2.25M,16831,3670000000000,3.67T,,,,,https://web.archive.org/web/20260410185304/https://support.runescape.com/hc/en-gb/articles/34686319959441-Player-Support-Anti-Cheating-Statistics,monthly,GP Removed,verified_archived_jagex
Ruby necklace,2026-04,1154.4166666666667,829092.9,30,30,1190000,1.19M,44069,8790000000000,8.79T,1160000.0,23427.0,7161.0,36908.0,https://web.archive.org/web/20260509025717/https://support.runescape.com/hc/en-gb/articles/34686319959441-Player-Support-Anti-Cheating-Statistics,monthly,Gold Removed,verified_archived_jagex
Ruby necklace,2026-05,1167.9193548387098,563723.7419354839,31,31,712870,"712,870",22888,4760000000000,4.76T,691426.0,21444.0,5242.0,17646.0,https://web.archive.org/web/20260608011747/https://support.runescape.com/hc/en-gb/articles/46608582202001-Anti-Cheating-Statistics,monthly,Wealth Removed,verified_archived_jagex
Ruby necklace,2026-06,1098.4666666666667,772062.9666666667,30,30,270701,"270,701",16789,3370000000000,3.37T,247563.0,23138.0,4599.0,12190.0,https://web.archive.org/web/20260715140434/https://support.runescape.com/hc/en-gb/articles/46608582202001-Anti-Cheating-Statistics,monthly,Wealth Removed,verified_archived_jagex
Ruby necklace,2026-07,1072.241935483871,1169703.1935483871,31,31,159791,"159,791",18302,4680000000000,4.68T,140011.0,19780.0,5666.0,12636.0,https://web.archive.org/web/20260813140026/https://support.runescape.com/hc/en-gb/articles/46608582202001-Anti-Cheating-Statistics,monthly,Wealth Removed,verified_archived_jagex
Shark,2026-02,813.7857142857143,4084868.8928571427,28,28,1410000,1.41M,9748,2430000000000,2.43T,,,,,https://web.archive.org/web/20260304165243/https://support.runescape.com/hc/en-gb/articles/34686319959441-Player-Support-Anti-Cheating-Statistics,monthly,GP Removed,verified_archived_jagex
Shark,2026-03,876.5645161290323,3722223.064516129,31,31,2250000,2.25M,16831,3670000000000,3.67T,,,,,https://web.archive.org/web/20260410185304/https://support.runescape.com/hc/en-gb/articles/34686319959441-Player-Support-Anti-Cheating-Statistics,monthly,GP Removed,verified_archived_jagex
Shark,2026-04,830.75,2776665.433333333,30,30,1190000,1.19M,44069,8790000000000,8.79T,1160000.0,23427.0,7161.0,36908.0,https://web.archive.org/web/20260509025717/https://support.runescape.com/hc/en-gb/articles/34686319959441-Player-Support-Anti-Cheating-Statistics,monthly,Gold Removed,verified_archived_jagex
Shark,2026-05,816.8387096774194,2443889.0967741935,31,31,712870,"712,870",22888,4760000000000,4.76T,691426.0,21444.0,5242.0,17646.0,https://web.archive.org/web/20260608011747/https://support.runescape.com/hc/en-gb/articles/46608582202001-Anti-Cheating-Statistics,monthly,Wealth Removed,verified_archived_jagex
Shark,2026-06,903.5166666666667,2862966.2,30,30,270701,"270,701",16789,3370000000000,3.37T,247563.0,23138.0,4599.0,12190.0,https://web.archive.org/web/20260715140434/https://support.runescape.com/hc/en-gb/articles/46608582202001-Anti-Cheating-Statistics,monthly,Wealth Removed,verified_archived_jagex
Shark,2026-07,977.1612903225806,3425478.2258064514,31,31,159791,"159,791",18302,4680000000000,4.68T,140011.0,19780.0,5666.0,12636.0,https://web.archive.org/web/20260813140026/https://support.runescape.com/hc/en-gb/articles/46608582202001-Anti-Cheating-Statistics,monthly,Wealth Removed,verified_archived_jagex
Swordfish,2026-02,203.57142857142858,981659.8571428572,28,28,1410000,1.41M,9748,2430000000000,2.43T,,,,,https://web.archive.org/web/20260304165243/https://support.runescape.com/hc/en-gb/articles/34686319959441-Player-Support-Anti-Cheating-Statistics,monthly,GP Removed,verified_archived_jagex
Swordfish,2026-03,195.33870967741936,809273.3548387097,31,31,2250000,2.25M,16831,3670000000000,3.67T,,,,,https://web.archive.org/web/20260410185304/https://support.runescape.com/hc/en-gb/articles/34686319959441-Player-Support-Anti-Cheating-Statistics,monthly,GP Removed,verified_archived_jagex
Swordfish,2026-04,196.51666666666668,646478.7666666667,30,30,1190000,1.19M,44069,8790000000000,8.79T,1160000.0,23427.0,7161.0,36908.0,https://web.archive.org/web/20260509025717/https://support.runescape.com/hc/en-gb/articles/34686319959441-Player-Support-Anti-Cheating-Statistics,monthly,Gold Removed,verified_archived_jagex
Swordfish,2026-05,197.46774193548387,583019.0967741936,31,31,712870,"712,870",22888,4760000000000,4.76T,691426.0,21444.0,5242.0,17646.0,https://web.archive.org/web/20260608011747/https://support.runescape.com/hc/en-gb/articles/46608582202001-Anti-Cheating-Statistics,monthly,Wealth Removed,verified_archived_jagex
Swordfish,2026-06,196.48333333333332,631617.8666666667,30,30,270701,"270,701",16789,3370000000000,3.37T,247563.0,23138.0,4599.0,12190.0,https://web.archive.org/web/20260715140434/https://support.runescape.com/hc/en-gb/articles/46608582202001-Anti-Cheating-Statistics,monthly,Wealth Removed,verified_archived_jagex
Swordfish,2026-07,195.06451612903226,690802.4838709678,31,31,159791,"159,791",18302,4680000000000,4.68T,140011.0,19780.0,5666.0,12636.0,https://web.archive.org/web/20260813140026/https://support.runescape.com/hc/en-gb/articles/46608582202001-Anti-Cheating-Statistics,monthly,Wealth Removed,verified_archived_jagex
Yew logs,2026-02,130.73214285714286,7626396.142857143,28,28,1410000,1.41M,9748,2430000000000,2.43T,,,,,https://web.archive.org/web/20260304165243/https://support.runescape.com/hc/en-gb/articles/34686319959441-Player-Support-Anti-Cheating-Statistics,monthly,GP Removed,verified_archived_jagex
Yew logs,2026-03,104.54838709677419,7155523.0,31,31,2250000,2.25M,16831,3670000000000,3.67T,,,,,https://web.archive.org/web/20260410185304/https://support.runescape.com/hc/en-gb/articles/34686319959441-Player-Support-Anti-Cheating-Statistics,monthly,GP Removed,verified_archived_jagex
Yew logs,2026-04,107.38333333333334,5155136.033333333,30,30,1190000,1.19M,44069,8790000000000,8.79T,1160000.0,23427.0,7161.0,36908.0,https://web.archive.org/web/20260509025717/https://support.runescape.com/hc/en-gb/articles/34686319959441-Player-Support-Anti-Cheating-Statistics,monthly,Gold Removed,verified_archived_jagex
Yew logs,2026-05,124.25806451612904,4560060.612903226,31,31,712870,"712,870",22888,4760000000000,4.76T,691426.0,21444.0,5242.0,17646.0,https://web.archive.org/web/20260608011747/https://support.runescape.com/hc/en-gb/articles/46608582202001-Anti-Cheating-Statistics,monthly,Wealth Removed,verified_archived_jagex
Yew logs,2026-06,120.18333333333334,4957158.433333334,30,30,270701,"270,701",16789,3370000000000,3.37T,247563.0,23138.0,4599.0,12190.0,https://web.archive.org/web/20260715140434/https://support.runescape.com/hc/en-gb/articles/46608582202001-Anti-Cheating-Statistics,monthly,Wealth Removed,verified_archived_jagex
Yew logs,2026-07,114.64516129032258,4819482.354838709,31,31,159791,"159,791",18302,4680000000000,4.68T,140011.0,19780.0,5666.0,12636.0,https://web.archive.org/web/20260813140026/https://support.runescape.com/hc/en-gb/articles/46608582202001-Anti-Cheating-Statistics,monthly,Wealth Removed,verified_archived_jagex
Zulrah's scales,2026-02,183.92857142857142,46269305.678571425,28,28,1410000,1.41M,9748,2430000000000,2.43T,,,,,https://web.archive.org/web/20260304165243/https://support.runescape.com/hc/en-gb/articles/34686319959441-Player-Support-Anti-Cheating-Statistics,monthly,GP Removed,verified_archived_jagex
Zulrah's scales,2026-03,186.51612903225808,41609372.32258064,31,31,2250000,2.25M,16831,3670000000000,3.67T,,,,,https://web.archive.org/web/20260410185304/https://support.runescape.com/hc/en-gb/articles/34686319959441-Player-Support-Anti-Cheating-Statistics,monthly,GP Removed,verified_archived_jagex
Zulrah's scales,2026-04,181.15,29635642.266666666,30,30,1190000,1.19M,44069,8790000000000,8.79T,1160000.0,23427.0,7161.0,36908.0,https://web.archive.org/web/20260509025717/https://support.runescape.com/hc/en-gb/articles/34686319959441-Player-Support-Anti-Cheating-Statistics,monthly,Gold Removed,verified_archived_jagex
Zulrah's scales,2026-05,180.59677419354838,26561166.83870968,31,31,712870,"712,870",22888,4760000000000,4.76T,691426.0,21444.0,5242.0,17646.0,https://web.archive.org/web/20260608011747/https://support.runescape.com/hc/en-gb/articles/46608582202001-Anti-Cheating-Statistics,monthly,Wealth Removed,verified_archived_jagex
Zulrah's scales,2026-06,178.4,32600639.266666666,30,30,270701,"270,701",16789,3370000000000,3.37T,247563.0,23138.0,4599.0,12190.0,https://web.archive.org/web/20260715140434/https://support.runescape.com/hc/en-gb/articles/46608582202001-Anti-Cheating-Statistics,monthly,Wealth Removed,verified_archived_jagex
Zulrah's scales,2026-07,171.83870967741936,40469078.38709678,31,31,159791,"159,791",18302,4680000000000,4.68T,140011.0,19780.0,5666.0,12636.0,https://web.archive.org/web/20260813140026/https://support.runescape.com/hc/en-gb/articles/46608582202001-Anti-Cheating-Statistics,monthly,Wealth Removed,verified_archived_jagex
